{"cameraMode":{"drawMode":0,"name":"Shaded","section":"Shading Mode"},"sceneLighting":true,"audioPlay":false,"sceneViewState":{"showFog":true,"showMaterialUpdate":true,"showSkybox":true,"showFlares":true,"showImageEffects":true,"showParticleSystems":true},"in2DMode":false,"pivot":{"x":-51.28419494628906,"y":3.530308246612549,"z":6.563316345214844},"rotation":{"x":0.12002027779817581,"y":-0.26363053917884829,"z":0.5263271331787109,"w":-0.799420952796936},"size":43.27438735961914,"orthographic":false}