{"cameraMode":{"drawMode":0,"name":"Shaded","section":"Shading Mode"},"sceneLighting":true,"audioPlay":false,"sceneViewState":{"showFog":true,"showMaterialUpdate":false,"showSkybox":true,"showFlares":true,"showImageEffects":true,"showParticleSystems":true},"in2DMode":false,"pivot":{"x":7.309318542480469,"y":-0.3543858528137207,"z":69.97190856933594},"rotation":{"x":0.03990563377737999,"y":-0.7315860986709595,"z":0.042982228100299838,"w":0.6792215704917908},"size":32.35523223876953,"orthographic":false}