{"cameraMode":{"drawMode":0,"name":"Shaded","section":"Shading Mode"},"sceneLighting":true,"audioPlay":false,"sceneViewState":{"showFog":true,"showMaterialUpdate":false,"showSkybox":true,"showFlares":true,"showImageEffects":true,"showParticleSystems":true},"in2DMode":false,"pivot":{"x":-21.6502742767334,"y":-5.753776550292969,"z":74.36068725585938},"rotation":{"x":0.5926744341850281,"y":-0.05943228676915169,"z":0.04391775652766228,"w":0.8020449876785278},"size":50.37259292602539,"orthographic":false}