{"cameraMode":{"drawMode":0,"name":"Shaded","section":"Shading Mode"},"sceneLighting":true,"audioPlay":false,"sceneViewState":{"showFog":true,"showMaterialUpdate":false,"showSkybox":true,"showFlares":true,"showImageEffects":true,"showParticleSystems":true},"in2DMode":false,"pivot":{"x":-6.806156158447266,"y":-8.82485580444336,"z":21.002838134765626},"rotation":{"x":-0.15943142771720887,"y":0.8020462393760681,"z":-0.24565525352954865,"w":-0.5205353498458862},"size":47.9279899597168,"orthographic":false}